20250417194042,10.0.4.20,59954,10.0.2.20,5001,1,4.0-5.0,5767168,46137344,,Buffer=64000,Delay=10000,,,,,
20250417194043,10.0.4.20,59954,10.0.2.20,5001,1,5.0-6.0,5898240,47185920,,,,,,,,
20250417194044,10.0.4.20,59954,10.0.2.20,5001,1,6.0-7.0,5898240,47185920,,,1,46874651,,,,
20250417194045,10.0.4.20,59954,10.0.2.20,5001,1,7.0-8.0,5767168,46137344,,,2,46844248,,,,
20250417194046,10.0.4.20,59954,10.0.2.20,5001,1,8.0-9.0,5898240,47185920,,,3,46753961,,,,
20250417194047,10.0.4.20,59954,10.0.2.20,5001,1,9.0-10.0,5898240,47185920,,,4,46817753,,,,
20250417194048,10.0.4.20,59954,10.0.2.20,5001,1,10.0-11.0,5898240,47185920,,,5,46986774,,,,
20250417194049,10.0.4.20,59954,10.0.2.20,5001,1,11.0-12.0,5767168,46137344,,,6,46783308,,,,
20250417194050,10.0.4.20,59954,10.0.2.20,5001,1,12.0-13.0,5898240,47185920,,,7,46728420,,,,
20250417194051,10.0.4.20,59954,10.0.2.20,5001,1,13.0-14.0,5767168,46137344,,,8,46736600,,,,
20250417194052,10.0.4.20,59954,10.0.2.20,5001,1,14.0-15.0,5898240,47185920,,,MÉDIA =,"46815714,375",,,,
20250417194053,10.0.4.20,59954,10.0.2.20,5001,1,15.0-16.0,5767168,46137344,,,DESVIO P. =,"86434,3595054941",,,,
20250417194054,10.0.4.20,59954,10.0.2.20,5001,1,16.0-17.0,5898240,47185920,,,RAIZ DE N =,"2,82842712474619",,,,
20250417194054,10.0.4.20,59954,10.0.2.20,5001,1,17.0-17.9,5111748,45649268,,,"T7, 0,025","2,365",,,,
20250417194054,10.0.4.20,59954,10.0.2.20,5001,1,0.0-17.9,104857600,46874651,,,IC = [,"46743441,9595497","46887986,7904503",],,
,,,,,,,,,,,​,,,,,
Buffer=64000,Delay=10000,Repeticao=2,,,,,,,,, ,,,,,
20250417194127,10.0.4.20,58652,10.0.2.20,5001,1,0.0-1.0,6029372,48234976,,,,,,,,
20250417194128,10.0.4.20,58652,10.0.2.20,5001,1,1.0-2.0,5767168,46137344,,,,,,,,
20250417194129,10.0.4.20,58652,10.0.2.20,5001,1,2.0-3.0,5898240,47185920,,,,,,,,
20250417194130,10.0.4.20,58652,10.0.2.20,5001,1,3.0-4.0,5898240,47185920,,,,,,,,
20250417194131,10.0.4.20,58652,10.0.2.20,5001,1,4.0-5.0,5767168,46137344,,,,,,,,
20250417194132,10.0.4.20,58652,10.0.2.20,5001,1,5.0-6.0,5898240,47185920,,,,,,,,
20250417194133,10.0.4.20,58652,10.0.2.20,5001,1,6.0-7.0,5898240,47185920,,,,,,,,
20250417194134,10.0.4.20,58652,10.0.2.20,5001,1,7.0-8.0,5898240,47185920,,,,,,,,
20250417194135,10.0.4.20,58652,10.0.2.20,5001,1,8.0-9.0,5767168,46137344,,,,,,,,
20250417194136,10.0.4.20,58652,10.0.2.20,5001,1,9.0-10.0,5898240,47185920,,,,,,,,
20250417194137,10.0.4.20,58652,10.0.2.20,5001,1,10.0-11.0,5898240,47185920,,,,,,,,
20250417194138,10.0.4.20,58652,10.0.2.20,5001,1,11.0-12.0,5767168,46137344,,,,,,,,
20250417194139,10.0.4.20,58652,10.0.2.20,5001,1,12.0-13.0,5898240,47185920,,,,,,,,
20250417194140,10.0.4.20,58652,10.0.2.20,5001,1,13.0-14.0,5898240,47185920,,,,,,,,
20250417194141,10.0.4.20,58652,10.0.2.20,5001,1,14.0-15.0,5767168,46137344,,,,,,,,
20250417194142,10.0.4.20,58652,10.0.2.20,5001,1,15.0-16.0,5898240,47185920,,,,,,,,
20250417194143,10.0.4.20,58652,10.0.2.20,5001,1,16.0-17.0,5898240,47185920,,,,,,,,
20250417194143,10.0.4.20,58652,10.0.2.20,5001,1,17.0-17.9,5111748,45064972,,,,,,,,
20250417194143,10.0.4.20,58652,10.0.2.20,5001,1,0.0-17.9,104857600,46844248,,,,,,,,
,,,,,,,,,,,,,,,,
Buffer=64000,Delay=10000,Repeticao=3,,,,,,,,,,,,,,
20250417194208,10.0.4.20,37318,10.0.2.20,5001,1,0.0-1.0,6029372,48234976,,,,,,,,
20250417194209,10.0.4.20,37318,10.0.2.20,5001,1,1.0-2.0,5767168,46137344,,,,,,,,
20250417194210,10.0.4.20,37318,10.0.2.20,5001,1,2.0-3.0,5898240,47185920,,,,,,,,
20250417194211,10.0.4.20,37318,10.0.2.20,5001,1,3.0-4.0,5898240,47185920,,,,,,,,
20250417194212,10.0.4.20,37318,10.0.2.20,5001,1,4.0-5.0,5767168,46137344,,,,,,,,
20250417194213,10.0.4.20,37318,10.0.2.20,5001,1,5.0-6.0,5898240,47185920,,,,,,,,
20250417194214,10.0.4.20,37318,10.0.2.20,5001,1,6.0-7.0,5767168,46137344,,,,,,,,
20250417194215,10.0.4.20,37318,10.0.2.20,5001,1,7.0-8.0,5898240,47185920,,,,,,,,
20250417194216,10.0.4.20,37318,10.0.2.20,5001,1,8.0-9.0,5767168,46137344,,,,,,,,
20250417194217,10.0.4.20,37318,10.0.2.20,5001,1,9.0-10.0,5898240,47185920,,,,,,,,
20250417194218,10.0.4.20,37318,10.0.2.20,5001,1,10.0-11.0,5898240,47185920,,,,,,,,
20250417194219,10.0.4.20,37318,10.0.2.20,5001,1,11.0-12.0,5767168,46137344,,,,,,,,
20250417194220,10.0.4.20,37318,10.0.2.20,5001,1,12.0-13.0,5898240,47185920,,,,,,,,
20250417194221,10.0.4.20,37318,10.0.2.20,5001,1,13.0-14.0,5767168,46137344,,,,,,,,
20250417194222,10.0.4.20,37318,10.0.2.20,5001,1,14.0-15.0,5898240,47185920,,,,,,,,
20250417194223,10.0.4.20,37318,10.0.2.20,5001,1,15.0-16.0,5767168,46137344,,,,,,,,
20250417194224,10.0.4.20,37318,10.0.2.20,5001,1,16.0-17.0,5898240,47185920,,,,,,,,
20250417194224,10.0.4.20,37318,10.0.2.20,5001,1,17.0-17.9,5373892,45636889,,,,,,,,
20250417194224,10.0.4.20,37318,10.0.2.20,5001,1,0.0-17.9,104857600,46753961,,,,,,,,
,,,,,,,,,,,,,,,,
Buffer=64000,Delay=10000,Repeticao=4,,,,,,,,,,,,,,
20250417194251,10.0.4.20,34982,10.0.2.20,5001,1,0.0-1.0,6029372,48234976,,,,,,,,
20250417194252,10.0.4.20,34982,10.0.2.20,5001,1,1.0-2.0,5767168,46137344,,,,,,,,
20250417194253,10.0.4.20,34982,10.0.2.20,5001,1,2.0-3.0,5898240,47185920,,,,,,,,
20250417194254,10.0.4.20,34982,10.0.2.20,5001,1,3.0-4.0,5767168,46137344,,,,,,,,
20250417194255,10.0.4.20,34982,10.0.2.20,5001,1,4.0-5.0,5898240,47185920,,,,,,,,
20250417194256,10.0.4.20,34982,10.0.2.20,5001,1,5.0-6.0,5898240,47185920,,,,,,,,
20250417194257,10.0.4.20,34982,10.0.2.20,5001,1,6.0-7.0,5767168,46137344,,,,,,,,
20250417194258,10.0.4.20,34982,10.0.2.20,5001,1,7.0-8.0,5898240,47185920,,,,,,,,
20250417194259,10.0.4.20,34982,10.0.2.20,5001,1,8.0-9.0,5767168,46137344,,,,,,,,
20250417194300,10.0.4.20,34982,10.0.2.20,5001,1,9.0-10.0,5898240,47185920,,,,,,,,
20250417194301,10.0.4.20,34982,10.0.2.20,5001,1,10.0-11.0,5898240,47185920,,,,,,,,
20250417194302,10.0.4.20,34982,10.0.2.20,5001,1,11.0-12.0,5767168,46137344,,,,,,,,
20250417194303,10.0.4.20,34982,10.0.2.20,5001,1,12.0-13.0,5898240,47185920,,,,,,,,
20250417194304,10.0.4.20,34982,10.0.2.20,5001,1,13.0-14.0,5898240,47185920,,,,,,,,
20250417194305,10.0.4.20,34982,10.0.2.20,5001,1,14.0-15.0,5767168,46137344,,,,,,,,
20250417194306,10.0.4.20,34982,10.0.2.20,5001,1,15.0-16.0,5898240,47185920,,,,,,,,
20250417194307,10.0.4.20,34982,10.0.2.20,5001,1,16.0-17.0,5898240,47185920,,,,,,,,
20250417194307,10.0.4.20,34982,10.0.2.20,5001,1,17.0-17.9,5242820,45710026,,,,,,,,
20250417194307,10.0.4.20,34982,10.0.2.20,5001,1,0.0-17.9,104857600,46817753,,,,,,,,
,,,,,,,,,,,,,,,,
Buffer=64000,Delay=10000,Repeticao=5,,,,,,,,,,,,,,
20250417194340,10.0.4.20,57916,10.0.2.20,5001,1,0.0-1.0,6422588,51380704,,,,,,,,
20250417194341,10.0.4.20,57916,10.0.2.20,5001,1,1.0-2.0,5898240,47185920,,,,,,,,
20250417194342,10.0.4.20,57916,10.0.2.20,5001,1,2.0-3.0,5767168,46137344,,,,,,,,
20250417194343,10.0.4.20,57916,10.0.2.20,5001,1,3.0-4.0,5898240,47185920,,,,,,,,
20250417194344,10.0.4.20,57916,10.0.2.20,5001,1,4.0-5.0,5898240,47185920,,,,,,,,
20250417194345,10.0.4.20,57916,10.0.2.20,5001,1,5.0-6.0,5767168,46137344,,,,,,,,
20250417194346,10.0.4.20,57916,10.0.2.20,5001,1,6.0-7.0,5898240,47185920,,,,,,,,
20250417194347,10.0.4.20,57916,10.0.2.20,5001,1,7.0-8.0,5898240,47185920,,,,,,,,
20250417194348,10.0.4.20,57916,10.0.2.20,5001,1,8.0-9.0,5767168,46137344,,,,,,,,
20250417194349,10.0.4.20,57916,10.0.2.20,5001,1,9.0-10.0,5898240,47185920,,,,,,,,
20250417194350,10.0.4.20,57916,10.0.2.20,5001,1,10.0-11.0,5767168,46137344,,,,,,,,
20250417194351,10.0.4.20,57916,10.0.2.20,5001,1,11.0-12.0,5898240,47185920,,,,,,,,
20250417194352,10.0.4.20,57916,10.0.2.20,5001,1,12.0-13.0,5767168,46137344,,,,,,,,
20250417194353,10.0.4.20,57916,10.0.2.20,5001,1,13.0-14.0,5898240,47185920,,,,,,,,
20250417194354,10.0.4.20,57916,10.0.2.20,5001,1,14.0-15.0,5898240,47185920,,,,,,,,
20250417194355,10.0.4.20,57916,10.0.2.20,5001,1,15.0-16.0,5767168,46137344,,,,,,,,
20250417194356,10.0.4.20,57916,10.0.2.20,5001,1,16.0-17.0,5898240,47185920,,,,,,,,
20250417194356,10.0.4.20,57916,10.0.2.20,5001,1,17.0-17.9,4849604,45476086,,,,,,,,
20250417194356,10.0.4.20,57916,10.0.2.20,5001,1,0.0-17.9,104857600,46986774,,,,,,,,
,,,,,,,,,,,,,,,,
Buffer=64000,Delay=10000,Repeticao=6,,,,,,,,,,,,,,
20250417194424,10.0.4.20,37720,10.0.2.20,5001,1,0.0-1.0,6029372,48234976,,,,,,,,
20250417194425,10.0.4.20,37720,10.0.2.20,5001,1,1.0-2.0,5767168,46137344,,,,,,,,
20250417194426,10.0.4.20,37720,10.0.2.20,5001,1,2.0-3.0,5898240,47185920,,,,,,,,
20250417194427,10.0.4.20,37720,10.0.2.20,5001,1,3.0-4.0,5898240,47185920,,,,,,,,
20250417194428,10.0.4.20,37720,10.0.2.20,5001,1,4.0-5.0,5767168,46137344,,,,,,,,
20250417194429,10.0.4.20,37720,10.0.2.20,5001,1,5.0-6.0,5898240,47185920,,,,,,,,
20250417194430,10.0.4.20,37720,10.0.2.20,5001,1,6.0-7.0,5767168,46137344,,,,,,,,
20250417194431,10.0.4.20,37720,10.0.2.20,5001,1,7.0-8.0,5898240,47185920,,,,,,,,
20250417194432,10.0.4.20,37720,10.0.2.20,5001,1,8.0-9.0,5898240,47185920,,,,,,,,
20250417194433,10.0.4.20,37720,10.0.2.20,5001,1,9.0-10.0,5767168,46137344,,,,,,,,
20250417194434,10.0.4.20,37720,10.0.2.20,5001,1,10.0-11.0,5898240,47185920,,,,,,,,
20250417194435,10.0.4.20,37720,10.0.2.20,5001,1,11.0-12.0,5898240,47185920,,,,,,,,
20250417194436,10.0.4.20,37720,10.0.2.20,5001,1,12.0-13.0,5767168,46137344,,,,,,,,
20250417194437,10.0.4.20,37720,10.0.2.20,5001,1,13.0-14.0,5898240,47185920,,,,,,,,
20250417194438,10.0.4.20,37720,10.0.2.20,5001,1,14.0-15.0,5767168,46137344,,,,,,,,
20250417194439,10.0.4.20,37720,10.0.2.20,5001,1,15.0-16.0,5898240,47185920,,,,,,,,
20250417194440,10.0.4.20,37720,10.0.2.20,5001,1,16.0-17.0,5767168,46137344,,,,,,,,
20250417194440,10.0.4.20,37720,10.0.2.20,5001,1,17.0-17.9,5373892,46188736,,,,,,,,
20250417194440,10.0.4.20,37720,10.0.2.20,5001,1,0.0-17.9,104857600,46783308,,,,,,,,
,,,,,,,,,,,,,,,,
Buffer=64000,Delay=10000,Repeticao=7,,,,,,,,,,,,,,
20250417194504,10.0.4.20,55782,10.0.2.20,5001,1,0.0-1.0,6029372,48234976,,,,,,,,
20250417194505,10.0.4.20,55782,10.0.2.20,5001,1,1.0-2.0,5767168,46137344,,,,,,,,
20250417194506,10.0.4.20,55782,10.0.2.20,5001,1,2.0-3.0,5898240,47185920,,,,,,,,
20250417194507,10.0.4.20,55782,10.0.2.20,5001,1,3.0-4.0,5767168,46137344,,,,,,,,
20250417194508,10.0.4.20,55782,10.0.2.20,5001,1,4.0-5.0,5898240,47185920,,,,,,,,
20250417194509,10.0.4.20,55782,10.0.2.20,5001,1,5.0-6.0,5898240,47185920,,,,,,,,
20250417194510,10.0.4.20,55782,10.0.2.20,5001,1,6.0-7.0,5767168,46137344,,,,,,,,
20250417194511,10.0.4.20,55782,10.0.2.20,5001,1,7.0-8.0,5898240,47185920,,,,,,,,
20250417194512,10.0.4.20,55782,10.0.2.20,5001,1,8.0-9.0,5898240,47185920,,,,,,,,
20250417194513,10.0.4.20,55782,10.0.2.20,5001,1,9.0-10.0,5767168,46137344,,,,,,,,
20250417194514,10.0.4.20,55782,10.0.2.20,5001,1,10.0-11.0,5898240,47185920,,,,,,,,
20250417194515,10.0.4.20,55782,10.0.2.20,5001,1,11.0-12.0,5767168,46137344,,,,,,,,
20250417194516,10.0.4.20,55782,10.0.2.20,5001,1,12.0-13.0,5898240,47185920,,,,,,,,
20250417194517,10.0.4.20,55782,10.0.2.20,5001,1,13.0-14.0,5767168,46137344,,,,,,,,
20250417194518,10.0.4.20,55782,10.0.2.20,5001,1,14.0-15.0,5898240,47185920,,,,,,,,
20250417194519,10.0.4.20,55782,10.0.2.20,5001,1,15.0-16.0,5767168,46137344,,,,,,,,
20250417194520,10.0.4.20,55782,10.0.2.20,5001,1,16.0-17.0,5898240,47185920,,,,,,,,
20250417194520,10.0.4.20,55782,10.0.2.20,5001,1,17.0-18.0,5373892,45166679,,,,,,,,
20250417194520,10.0.4.20,55782,10.0.2.20,5001,1,0.0-18.0,104857600,46728420,,,,,,,,
,,,,,,,,,,,,,,,,
Buffer=64000,Delay=10000,Repeticao=8,,,,,,,,,,,,,,
20250417194547,10.0.4.20,42646,10.0.2.20,5001,1,0.0-1.0,5898300,47186400,,,,,,,,
20250417194548,10.0.4.20,42646,10.0.2.20,5001,1,1.0-2.0,5898240,47185920,,,,,,,,
20250417194549,10.0.4.20,42646,10.0.2.20,5001,1,2.0-3.0,5898240,47185920,,,,,,,,
20250417194550,10.0.4.20,42646,10.0.2.20,5001,1,3.0-4.0,5767168,46137344,,,,,,,,
20250417194551,10.0.4.20,42646,10.0.2.20,5001,1,4.0-5.0,5898240,47185920,,,,,,,,
20250417194552,10.0.4.20,42646,10.0.2.20,5001,1,5.0-6.0,5767168,46137344,,,,,,,,
20250417194553,10.0.4.20,42646,10.0.2.20,5001,1,6.0-7.0,5898240,47185920,,,,,,,,
20250417194554,10.0.4.20,42646,10.0.2.20,5001,1,7.0-8.0,5898240,47185920,,,,,,,,
20250417194555,10.0.4.20,42646,10.0.2.20,5001,1,8.0-9.0,5767168,46137344,,,,,,,,
20250417194556,10.0.4.20,42646,10.0.2.20,5001,1,9.0-10.0,5898240,47185920,,,,,,,,
20250417194557,10.0.4.20,42646,10.0.2.20,5001,1,10.0-11.0,5898240,47185920,,,,,,,,
20250417194558,10.0.4.20,42646,10.0.2.20,5001,1,11.0-12.0,5767168,46137344,,,,,,,,
20250417194559,10.0.4.20,42646,10.0.2.20,5001,1,12.0-13.0,5898240,47185920,,,,,,,,
20250417194600,10.0.4.20,42646,10.0.2.20,5001,1,13.0-14.0,5767168,46137344,,,,,,,,
20250417194601,10.0.4.20,42646,10.0.2.20,5001,1,14.0-15.0,5898240,47185920,,,,,,,,
20250417194602,10.0.4.20,42646,10.0.2.20,5001,1,15.0-16.0,5767168,46137344,,,,,,,,
20250417194603,10.0.4.20,42646,10.0.2.20,5001,1,16.0-17.0,5898240,47185920,,,,,,,,
20250417194603,10.0.4.20,42646,10.0.2.20,5001,1,17.0-17.9,5373892,45316268,,,,,,,,
20250417194603,10.0.4.20,42646,10.0.2.20,5001,1,0.0-17.9,104857600,46736600,,,,,,,,
,,,,,,,,,,,,,,,,
Buffer=64000,Delay=100000,Repeticao=1,,,,,,,,,,,,,,
20250417194628,10.0.4.20,50692,10.0.2.20,5001,1,0.0-1.0,271588,2172704,,Buffer=64000,Delay=100000,Repeticao,,,,
20250417194629,10.0.4.20,50692,10.0.2.20,5001,1,1.0-2.0,1179648,9437184,,,,1,29368651,,,
20250417194630,10.0.4.20,50692,10.0.2.20,5001,1,2.0-3.0,3014656,24117248,,,,2,26565435,,,
20250417194631,10.0.4.20,50692,10.0.2.20,5001,1,3.0-4.0,5505024,44040192,,,,3,47297900,,,
20250417194632,10.0.4.20,50692,10.0.2.20,5001,1,4.0-5.0,5373952,42991616,,,,4,32615537,,,
20250417194633,10.0.4.20,50692,10.0.2.20,5001,1,5.0-6.0,4325376,34603008,,,,5,29388195,,,
20250417194634,10.0.4.20,50692,10.0.2.20,5001,1,6.0-7.0,5111808,40894464,,,,6,24976773,,,
20250417194635,10.0.4.20,50692,10.0.2.20,5001,1,7.0-8.0,3407872,27262976,,,,7,25955118,,,
20250417194636,10.0.4.20,50692,10.0.2.20,5001,1,8.0-9.0,3407872,27262976,,,,8,52745852,,,
20250417194637,10.0.4.20,50692,10.0.2.20,5001,1,9.0-10.0,3932160,31457280,,,,MÉDIA =,"33614182,625",,,
20250417194638,10.0.4.20,50692,10.0.2.20,5001,1,10.0-11.0,3932160,31457280,,,,DESVIO P. =,"10509156,9363101",,,
20250417194639,10.0.4.20,50692,10.0.2.20,5001,1,11.0-12.0,3932160,31457280,,,,RAIZ DE N =,"2,82842712474619",,,
20250417194640,10.0.4.20,50692,10.0.2.20,5001,1,12.0-13.0,4194304,33554432,,,,"T7, 0,025","2,365",,,
20250417194641,10.0.4.20,50692,10.0.2.20,5001,1,13.0-14.0,4063232,32505856,,,,IC = [,"24826911,4462866","42401453,8037134",],
20250417194642,10.0.4.20,50692,10.0.2.20,5001,1,14.0-15.0,3932160,31457280,,,,,,,,
20250417194643,10.0.4.20,50692,10.0.2.20,5001,1,15.0-16.0,3932160,31457280,,,,,,,,
20250417194644,10.0.4.20,50692,10.0.2.20,5001,1,16.0-17.0,3670016,29360128,,,,,,,,
20250417194645,10.0.4.20,50692,10.0.2.20,5001,1,17.0-18.0,3014656,24117248,,,,,,,,
20250417194646,10.0.4.20,50692,10.0.2.20,5001,1,18.0-19.0,3801088,30408704,,,,,,,,
20250417194647,10.0.4.20,50692,10.0.2.20,5001,1,19.0-20.0,3538944,28311552,,,,,,,,
20250417194648,10.0.4.20,50692,10.0.2.20,5001,1,20.0-21.0,3014656,24117248,,,,,,,,
20250417194649,10.0.4.20,50692,10.0.2.20,5001,1,21.0-22.0,4980736,39845888,,,,,,,,
20250417194650,10.0.4.20,50692,10.0.2.20,5001,1,22.0-23.0,3670016,29360128,,,,,,,,
20250417194651,10.0.4.20,50692,10.0.2.20,5001,1,23.0-24.0,3145728,25165824,,,,,,,,
20250417194652,10.0.4.20,50692,10.0.2.20,5001,1,24.0-25.0,3538944,28311552,,,,,,,,
20250417194653,10.0.4.20,50692,10.0.2.20,5001,1,25.0-26.0,4063232,32505856,,,,,,,,
20250417194654,10.0.4.20,50692,10.0.2.20,5001,1,26.0-27.0,4063232,32505856,,,,,,,,
20250417194655,10.0.4.20,50692,10.0.2.20,5001,1,27.0-28.0,3670016,29360128,,,,,,,,
20250417194655,10.0.4.20,50692,10.0.2.20,5001,1,28.0-28.6,1170204,16624105,,,,,,,,
20250417194655,10.0.4.20,50692,10.0.2.20,5001,1,0.0-28.6,104857600,29368651,,,,,,,,
,,,,,,,,,,,,,,,,
Buffer=64000,Delay=100000,Repeticao=2,,,,,,,,,,,,,,
20250417194722,10.0.4.20,35002,10.0.2.20,5001,1,0.0-1.0,402660,3221280,,,,,,,,
20250417194723,10.0.4.20,35002,10.0.2.20,5001,1,1.0-2.0,917504,7340032,,,,,,,,
20250417194724,10.0.4.20,35002,10.0.2.20,5001,1,2.0-3.0,1048576,8388608,,,,,,,,
20250417194725,10.0.4.20,35002,10.0.2.20,5001,1,3.0-4.0,2228224,17825792,,,,,,,,
20250417194726,10.0.4.20,35002,10.0.2.20,5001,1,4.0-5.0,2228224,17825792,,,,,,,,
20250417194727,10.0.4.20,35002,10.0.2.20,5001,1,5.0-6.0,4325376,34603008,,,,,,,,
20250417194728,10.0.4.20,35002,10.0.2.20,5001,1,6.0-7.0,3670016,29360128,,,,,,,,
20250417194729,10.0.4.20,35002,10.0.2.20,5001,1,7.0-8.0,3932160,31457280,,,,,,,,
20250417194730,10.0.4.20,35002,10.0.2.20,5001,1,8.0-9.0,2883584,23068672,,,,,,,,
20250417194731,10.0.4.20,35002,10.0.2.20,5001,1,9.0-10.0,3145728,25165824,,,,,,,,
20250417194732,10.0.4.20,35002,10.0.2.20,5001,1,10.0-11.0,4456448,35651584,,,,,,,,
20250417194733,10.0.4.20,35002,10.0.2.20,5001,1,11.0-12.0,3670016,29360128,,,,,,,,
20250417194734,10.0.4.20,35002,10.0.2.20,5001,1,12.0-13.0,5111808,40894464,,,,,,,,
20250417194735,10.0.4.20,35002,10.0.2.20,5001,1,13.0-14.0,3932160,31457280,,,,,,,,
20250417194736,10.0.4.20,35002,10.0.2.20,5001,1,14.0-15.0,3145728,25165824,,,,,,,,
20250417194737,10.0.4.20,35002,10.0.2.20,5001,1,15.0-16.0,4718592,37748736,,,,,,,,
20250417194738,10.0.4.20,35002,10.0.2.20,5001,1,16.0-17.0,4325376,34603008,,,,,,,,
20250417194739,10.0.4.20,35002,10.0.2.20,5001,1,17.0-18.0,5111808,40894464,,,,,,,,
20250417194740,10.0.4.20,35002,10.0.2.20,5001,1,18.0-19.0,3670016,29360128,,,,,,,,
20250417194741,10.0.4.20,35002,10.0.2.20,5001,1,19.0-20.0,2752512,22020096,,,,,,,,
20250417194742,10.0.4.20,35002,10.0.2.20,5001,1,20.0-21.0,2752512,22020096,,,,,,,,
20250417194743,10.0.4.20,35002,10.0.2.20,5001,1,21.0-22.0,3538944,28311552,,,,,,,,
20250417194744,10.0.4.20,35002,10.0.2.20,5001,1,22.0-23.0,5242880,41943040,,,,,,,,
20250417194745,10.0.4.20,35002,10.0.2.20,5001,1,23.0-24.0,3407872,27262976,,,,,,,,
20250417194746,10.0.4.20,35002,10.0.2.20,5001,1,24.0-25.0,3407872,27262976,,,,,,,,
20250417194747,10.0.4.20,35002,10.0.2.20,5001,1,25.0-26.0,2752512,22020096,,,,,,,,
20250417194748,10.0.4.20,35002,10.0.2.20,5001,1,26.0-27.0,3276800,26214400,,,,,,,,
20250417194749,10.0.4.20,35002,10.0.2.20,5001,1,27.0-28.0,3538944,28311552,,,,,,,,
20250417194750,10.0.4.20,35002,10.0.2.20,5001,1,28.0-29.0,3276800,26214400,,,,,,,,
20250417194751,10.0.4.20,35002,10.0.2.20,5001,1,29.0-30.0,3407872,27262976,,,,,,,,
20250417194752,10.0.4.20,35002,10.0.2.20,5001,1,30.0-31.0,3014656,24117248,,,,,,,,
20250417194752,10.0.4.20,35002,10.0.2.20,5001,1,31.0-31.6,1563420,21670825,,,,,,,,
20250417194752,10.0.4.20,35002,10.0.2.20,5001,1,0.0-31.6,104857600,26565435,,,,,,,,
,,,,,,,,,,,,,,,,
Buffer=64000,Delay=100000,Repeticao=3,,,,,,,,,,,,,,
20250417194821,10.0.4.20,51650,10.0.2.20,5001,1,0.0-1.0,402660,3221280,,,,,,,,
20250417194822,10.0.4.20,51650,10.0.2.20,5001,1,1.0-2.0,2359296,18874368,,,,,,,,
20250417194823,10.0.4.20,51650,10.0.2.20,5001,1,2.0-3.0,3670016,29360128,,,,,,,,
20250417194824,10.0.4.20,51650,10.0.2.20,5001,1,3.0-4.0,7602176,60817408,,,,,,,,
20250417194825,10.0.4.20,51650,10.0.2.20,5001,1,4.0-5.0,9175040,73400320,,,,,,,,
20250417194826,10.0.4.20,51650,10.0.2.20,5001,1,5.0-6.0,4980736,39845888,,,,,,,,
20250417194827,10.0.4.20,51650,10.0.2.20,5001,1,6.0-7.0,6553600,52428800,,,,,,,,
20250417194828,10.0.4.20,51650,10.0.2.20,5001,1,7.0-8.0,7864320,62914560,,,,,,,,
20250417194829,10.0.4.20,51650,10.0.2.20,5001,1,8.0-9.0,6946816,55574528,,,,,,,,
20250417194830,10.0.4.20,51650,10.0.2.20,5001,1,9.0-10.0,6553600,52428800,,,,,,,,
20250417194831,10.0.4.20,51650,10.0.2.20,5001,1,10.0-11.0,6422528,51380224,,,,,,,,
20250417194832,10.0.4.20,51650,10.0.2.20,5001,1,11.0-12.0,5111808,40894464,,,,,,,,
20250417194833,10.0.4.20,51650,10.0.2.20,5001,1,12.0-13.0,7733248,61865984,,,,,,,,
20250417194834,10.0.4.20,51650,10.0.2.20,5001,1,13.0-14.0,7471104,59768832,,,,,,,,
20250417194835,10.0.4.20,51650,10.0.2.20,5001,1,14.0-15.0,6553600,52428800,,,,,,,,
20250417194836,10.0.4.20,51650,10.0.2.20,5001,1,15.0-16.0,4980736,39845888,,,,,,,,
20250417194837,10.0.4.20,51650,10.0.2.20,5001,1,16.0-17.0,7471104,59768832,,,,,,,,
20250417194837,10.0.4.20,51650,10.0.2.20,5001,1,17.0-17.7,3005212,32679200,,,,,,,,
20250417194837,10.0.4.20,51650,10.0.2.20,5001,1,0.0-17.7,104857600,47297900,,,,,,,,
,,,,,,,,,,,,,,,,
Buffer=64000,Delay=100000,Repeticao=4,,,,,,,,,,,,,,
20250417194907,10.0.4.20,48828,10.0.2.20,5001,1,0.0-1.0,271588,2172704,,,,,,,,
20250417194908,10.0.4.20,48828,10.0.2.20,5001,1,1.0-2.0,1966080,15728640,,,,,,,,
20250417194909,10.0.4.20,48828,10.0.2.20,5001,1,2.0-3.0,2752512,22020096,,,,,,,,
20250417194910,10.0.4.20,48828,10.0.2.20,5001,1,3.0-4.0,3932160,31457280,,,,,,,,
20250417194911,10.0.4.20,48828,10.0.2.20,5001,1,4.0-5.0,3276800,26214400,,,,,,,,
20250417194912,10.0.4.20,48828,10.0.2.20,5001,1,5.0-6.0,3801088,30408704,,,,,,,,
20250417194913,10.0.4.20,48828,10.0.2.20,5001,1,6.0-7.0,3801088,30408704,,,,,,,,
20250417194914,10.0.4.20,48828,10.0.2.20,5001,1,7.0-8.0,3801088,30408704,,,,,,,,
20250417194915,10.0.4.20,48828,10.0.2.20,5001,1,8.0-9.0,2883584,23068672,,,,,,,,
20250417194916,10.0.4.20,48828,10.0.2.20,5001,1,9.0-10.0,3801088,30408704,,,,,,,,
20250417194917,10.0.4.20,48828,10.0.2.20,5001,1,10.0-11.0,4980736,39845888,,,,,,,,
20250417194918,10.0.4.20,48828,10.0.2.20,5001,1,11.0-12.0,5242880,41943040,,,,,,,,
20250417194919,10.0.4.20,48828,10.0.2.20,5001,1,12.0-13.0,5111808,40894464,,,,,,,,
20250417194920,10.0.4.20,48828,10.0.2.20,5001,1,13.0-14.0,4063232,32505856,,,,,,,,
20250417194921,10.0.4.20,48828,10.0.2.20,5001,1,14.0-15.0,5111808,40894464,,,,,,,,
20250417194922,10.0.4.20,48828,10.0.2.20,5001,1,15.0-16.0,4849664,38797312,,,,,,,,
20250417194923,10.0.4.20,48828,10.0.2.20,5001,1,16.0-17.0,5111808,40894464,,,,,,,,
20250417194924,10.0.4.20,48828,10.0.2.20,5001,1,17.0-18.0,5111808,40894464,,,,,,,,
20250417194925,10.0.4.20,48828,10.0.2.20,5001,1,18.0-19.0,4063232,32505856,,,,,,,,
20250417194926,10.0.4.20,48828,10.0.2.20,5001,1,19.0-20.0,4849664,38797312,,,,,,,,
20250417194927,10.0.4.20,48828,10.0.2.20,5001,1,20.0-21.0,4587520,36700160,,,,,,,,
20250417194928,10.0.4.20,48828,10.0.2.20,5001,1,21.0-22.0,6029312,48234496,,,,,,,,
20250417194929,10.0.4.20,48828,10.0.2.20,5001,1,22.0-23.0,3538944,28311552,,,,,,,,
20250417194930,10.0.4.20,48828,10.0.2.20,5001,1,23.0-24.0,4456448,35651584,,,,,,,,
20250417194931,10.0.4.20,48828,10.0.2.20,5001,1,24.0-25.0,4456448,35651584,,,,,,,,
20250417194931,10.0.4.20,48828,10.0.2.20,5001,1,25.0-25.7,3005212,33406648,,,,,,,,
20250417194931,10.0.4.20,48828,10.0.2.20,5001,1,0.0-25.7,104857600,32615537,,,,,,,,
,,,,,,,,,,,,,,,,
Buffer=64000,Delay=100000,Repeticao=5,,,,,,,,,,,,,,
20250417195005,10.0.4.20,58738,10.0.2.20,5001,1,0.0-1.0,271588,2172704,,,,,,,,
20250417195006,10.0.4.20,58738,10.0.2.20,5001,1,1.0-2.0,1048576,8388608,,,,,,,,
20250417195007,10.0.4.20,58738,10.0.2.20,5001,1,2.0-3.0,1441792,11534336,,,,,,,,
20250417195008,10.0.4.20,58738,10.0.2.20,5001,1,3.0-4.0,2621440,20971520,,,,,,,,
20250417195009,10.0.4.20,58738,10.0.2.20,5001,1,4.0-5.0,3407872,27262976,,,,,,,,
20250417195010,10.0.4.20,58738,10.0.2.20,5001,1,5.0-6.0,4194304,33554432,,,,,,,,
20250417195011,10.0.4.20,58738,10.0.2.20,5001,1,6.0-7.0,3932160,31457280,,,,,,,,
20250417195012,10.0.4.20,58738,10.0.2.20,5001,1,7.0-8.0,3538944,28311552,,,,,,,,
20250417195013,10.0.4.20,58738,10.0.2.20,5001,1,8.0-9.0,3014656,24117248,,,,,,,,
20250417195014,10.0.4.20,58738,10.0.2.20,5001,1,9.0-10.0,3670016,29360128,,,,,,,,
20250417195015,10.0.4.20,58738,10.0.2.20,5001,1,10.0-11.0,3801088,30408704,,,,,,,,
20250417195016,10.0.4.20,58738,10.0.2.20,5001,1,11.0-12.0,3670016,29360128,,,,,,,,
20250417195017,10.0.4.20,58738,10.0.2.20,5001,1,12.0-13.0,3670016,29360128,,,,,,,,
20250417195018,10.0.4.20,58738,10.0.2.20,5001,1,13.0-14.0,5373952,42991616,,,,,,,,
20250417195019,10.0.4.20,58738,10.0.2.20,5001,1,14.0-15.0,3670016,29360128,,,,,,,,
20250417195020,10.0.4.20,58738,10.0.2.20,5001,1,15.0-16.0,5636096,45088768,,,,,,,,
20250417195021,10.0.4.20,58738,10.0.2.20,5001,1,16.0-17.0,5242880,41943040,,,,,,,,
20250417195022,10.0.4.20,58738,10.0.2.20,5001,1,17.0-18.0,4456448,35651584,,,,,,,,
20250417195023,10.0.4.20,58738,10.0.2.20,5001,1,18.0-19.0,4849664,38797312,,,,,,,,
20250417195024,10.0.4.20,58738,10.0.2.20,5001,1,19.0-20.0,3670016,29360128,,,,,,,,
20250417195025,10.0.4.20,58738,10.0.2.20,5001,1,20.0-21.0,5242880,41943040,,,,,,,,
20250417195026,10.0.4.20,58738,10.0.2.20,5001,1,21.0-22.0,3932160,31457280,,,,,,,,
20250417195027,10.0.4.20,58738,10.0.2.20,5001,1,22.0-23.0,3801088,30408704,,,,,,,,
20250417195028,10.0.4.20,58738,10.0.2.20,5001,1,23.0-24.0,4063232,32505856,,,,,,,,
20250417195029,10.0.4.20,58738,10.0.2.20,5001,1,24.0-25.0,3145728,25165824,,,,,,,,
20250417195030,10.0.4.20,58738,10.0.2.20,5001,1,25.0-26.0,4456448,35651584,,,,,,,,
20250417195031,10.0.4.20,58738,10.0.2.20,5001,1,26.0-27.0,3932160,31457280,,,,,,,,
20250417195032,10.0.4.20,58738,10.0.2.20,5001,1,27.0-28.0,4063232,32505856,,,,,,,,
20250417195032,10.0.4.20,58738,10.0.2.20,5001,1,28.0-28.5,1039132,15277393,,,,,,,,
20250417195032,10.0.4.20,58738,10.0.2.20,5001,1,0.0-28.5,104857600,29388195,,,,,,,,
,,,,,,,,,,,,,,,,
Buffer=64000,Delay=100000,Repeticao=6,,,,,,,,,,,,,,
20250417195059,10.0.4.20,40016,10.0.2.20,5001,1,0.0-1.0,271588,2172704,,,,,,,,
20250417195100,10.0.4.20,40016,10.0.2.20,5001,1,1.0-2.0,524288,4194304,,,,,,,,
20250417195101,10.0.4.20,40016,10.0.2.20,5001,1,2.0-3.0,1703936,13631488,,,,,,,,
20250417195102,10.0.4.20,40016,10.0.2.20,5001,1,3.0-4.0,2752512,22020096,,,,,,,,
20250417195103,10.0.4.20,40016,10.0.2.20,5001,1,4.0-5.0,4063232,32505856,,,,,,,,
20250417195104,10.0.4.20,40016,10.0.2.20,5001,1,5.0-6.0,4325376,34603008,,,,,,,,
20250417195105,10.0.4.20,40016,10.0.2.20,5001,1,6.0-7.0,2490368,19922944,,,,,,,,
20250417195106,10.0.4.20,40016,10.0.2.20,5001,1,7.0-8.0,3538944,28311552,,,,,,,,
20250417195107,10.0.4.20,40016,10.0.2.20,5001,1,8.0-9.0,2883584,23068672,,,,,,,,
20250417195108,10.0.4.20,40016,10.0.2.20,5001,1,9.0-10.0,3276800,26214400,,,,,,,,
20250417195109,10.0.4.20,40016,10.0.2.20,5001,1,10.0-11.0,4194304,33554432,,,,,,,,
20250417195110,10.0.4.20,40016,10.0.2.20,5001,1,11.0-12.0,4063232,32505856,,,,,,,,
20250417195111,10.0.4.20,40016,10.0.2.20,5001,1,12.0-13.0,4063232,32505856,,,,,,,,
20250417195112,10.0.4.20,40016,10.0.2.20,5001,1,13.0-14.0,3407872,27262976,,,,,,,,
20250417195113,10.0.4.20,40016,10.0.2.20,5001,1,14.0-15.0,2490368,19922944,,,,,,,,
20250417195114,10.0.4.20,40016,10.0.2.20,5001,1,15.0-16.0,3276800,26214400,,,,,,,,
20250417195115,10.0.4.20,40016,10.0.2.20,5001,1,16.0-17.0,3276800,26214400,,,,,,,,
20250417195116,10.0.4.20,40016,10.0.2.20,5001,1,17.0-18.0,3670016,29360128,,,,,,,,
20250417195117,10.0.4.20,40016,10.0.2.20,5001,1,18.0-19.0,3670016,29360128,,,,,,,,
20250417195118,10.0.4.20,40016,10.0.2.20,5001,1,19.0-20.0,4718592,37748736,,,,,,,,
20250417195119,10.0.4.20,40016,10.0.2.20,5001,1,20.0-21.0,2490368,19922944,,,,,,,,
20250417195120,10.0.4.20,40016,10.0.2.20,5001,1,21.0-22.0,2097152,16777216,,,,,,,,
20250417195121,10.0.4.20,40016,10.0.2.20,5001,1,22.0-23.0,3276800,26214400,,,,,,,,
20250417195122,10.0.4.20,40016,10.0.2.20,5001,1,23.0-24.0,3407872,27262976,,,,,,,,
20250417195123,10.0.4.20,40016,10.0.2.20,5001,1,24.0-25.0,3407872,27262976,,,,,,,,
20250417195124,10.0.4.20,40016,10.0.2.20,5001,1,25.0-26.0,3145728,25165824,,,,,,,,
20250417195125,10.0.4.20,40016,10.0.2.20,5001,1,26.0-27.0,3670016,29360128,,,,,,,,
20250417195126,10.0.4.20,40016,10.0.2.20,5001,1,27.0-28.0,3014656,24117248,,,,,,,,
20250417195127,10.0.4.20,40016,10.0.2.20,5001,1,28.0-29.0,3407872,27262976,,,,,,,,
20250417195128,10.0.4.20,40016,10.0.2.20,5001,1,29.0-30.0,3407872,27262976,,,,,,,,
20250417195129,10.0.4.20,40016,10.0.2.20,5001,1,30.0-31.0,3276800,26214400,,,,,,,,
20250417195130,10.0.4.20,40016,10.0.2.20,5001,1,31.0-32.0,3276800,26214400,,,,,,,,
20250417195131,10.0.4.20,40016,10.0.2.20,5001,1,32.0-33.0,3407872,27262976,,,,,,,,
20250417195131,10.0.4.20,40016,10.0.2.20,5001,1,33.0-33.6,908060,12404449,,,,,,,,
20250417195131,10.0.4.20,40016,10.0.2.20,5001,1,0.0-33.6,104857600,24976773,,,,,,,,
,,,,,,,,,,,,,,,,
Buffer=64000,Delay=100000,Repeticao=7,,,,,,,,,,,,,,
20250417195156,10.0.4.20,41164,10.0.2.20,5001,1,0.0-1.0,271588,2172704,,,,,,,,
20250417195157,10.0.4.20,41164,10.0.2.20,5001,1,1.0-2.0,655360,5242880,,,,,,,,
20250417195158,10.0.4.20,41164,10.0.2.20,5001,1,2.0-3.0,786432,6291456,,,,,,,,
20250417195159,10.0.4.20,41164,10.0.2.20,5001,1,3.0-4.0,1703936,13631488,,,,,,,,
20250417195200,10.0.4.20,41164,10.0.2.20,5001,1,4.0-5.0,1966080,15728640,,,,,,,,
20250417195201,10.0.4.20,41164,10.0.2.20,5001,1,5.0-6.0,1835008,14680064,,,,,,,,
20250417195202,10.0.4.20,41164,10.0.2.20,5001,1,6.0-7.0,2097152,16777216,,,,,,,,
20250417195203,10.0.4.20,41164,10.0.2.20,5001,1,7.0-8.0,1966080,15728640,,,,,,,,
20250417195204,10.0.4.20,41164,10.0.2.20,5001,1,8.0-9.0,2752512,22020096,,,,,,,,
20250417195205,10.0.4.20,41164,10.0.2.20,5001,1,9.0-10.0,2883584,23068672,,,,,,,,
20250417195206,10.0.4.20,41164,10.0.2.20,5001,1,10.0-11.0,2752512,22020096,,,,,,,,
20250417195207,10.0.4.20,41164,10.0.2.20,5001,1,11.0-12.0,2752512,22020096,,,,,,,,
20250417195208,10.0.4.20,41164,10.0.2.20,5001,1,12.0-13.0,2228224,17825792,,,,,,,,
20250417195209,10.0.4.20,41164,10.0.2.20,5001,1,13.0-14.0,2883584,23068672,,,,,,,,
20250417195210,10.0.4.20,41164,10.0.2.20,5001,1,14.0-15.0,2752512,22020096,,,,,,,,
20250417195211,10.0.4.20,41164,10.0.2.20,5001,1,15.0-16.0,4980736,39845888,,,,,,,,
20250417195212,10.0.4.20,41164,10.0.2.20,5001,1,16.0-17.0,4587520,36700160,,,,,,,,
20250417195213,10.0.4.20,41164,10.0.2.20,5001,1,17.0-18.0,4063232,32505856,,,,,,,,
20250417195214,10.0.4.20,41164,10.0.2.20,5001,1,18.0-19.0,3670016,29360128,,,,,,,,
20250417195215,10.0.4.20,41164,10.0.2.20,5001,1,19.0-20.0,4587520,36700160,,,,,,,,
20250417195216,10.0.4.20,41164,10.0.2.20,5001,1,20.0-21.0,4718592,37748736,,,,,,,,
20250417195217,10.0.4.20,41164,10.0.2.20,5001,1,21.0-22.0,4325376,34603008,,,,,,,,
20250417195218,10.0.4.20,41164,10.0.2.20,5001,1,22.0-23.0,4718592,37748736,,,,,,,,
20250417195219,10.0.4.20,41164,10.0.2.20,5001,1,23.0-24.0,3801088,30408704,,,,,,,,
20250417195220,10.0.4.20,41164,10.0.2.20,5001,1,24.0-25.0,4456448,35651584,,,,,,,,
20250417195221,10.0.4.20,41164,10.0.2.20,5001,1,25.0-26.0,4718592,37748736,,,,,,,,
20250417195222,10.0.4.20,41164,10.0.2.20,5001,1,26.0-27.0,4456448,35651584,,,,,,,,
20250417195223,10.0.4.20,41164,10.0.2.20,5001,1,27.0-28.0,4325376,34603008,,,,,,,,
20250417195224,10.0.4.20,41164,10.0.2.20,5001,1,28.0-29.0,4456448,35651584,,,,,,,,
20250417195225,10.0.4.20,41164,10.0.2.20,5001,1,29.0-30.0,3670016,29360128,,,,,,,,
20250417195226,10.0.4.20,41164,10.0.2.20,5001,1,30.0-31.0,4194304,33554432,,,,,,,,
20250417195227,10.0.4.20,41164,10.0.2.20,5001,1,31.0-32.0,4194304,33554432,,,,,,,,
20250417195227,10.0.4.20,41164,10.0.2.20,5001,1,32.0-32.3,645916,16164670,,,,,,,,
20250417195227,10.0.4.20,41164,10.0.2.20,5001,1,0.0-32.3,104857600,25955118,,,,,,,,
,,,,,,,,,,,,,,,,
Buffer=64000,Delay=100000,Repeticao=8,,,,,,,,,,,,,,
20250417195300,10.0.4.20,50730,10.0.2.20,5001,1,0.0-1.0,402660,3221280,,,,,,,,
20250417195301,10.0.4.20,50730,10.0.2.20,5001,1,1.0-2.0,2097152,16777216,,,,,,,,
20250417195302,10.0.4.20,50730,10.0.2.20,5001,1,2.0-3.0,6029312,48234496,,,,,,,,
20250417195303,10.0.4.20,50730,10.0.2.20,5001,1,3.0-4.0,6684672,53477376,,,,,,,,
20250417195304,10.0.4.20,50730,10.0.2.20,5001,1,4.0-5.0,6553600,52428800,,,,,,,,
20250417195305,10.0.4.20,50730,10.0.2.20,5001,1,5.0-6.0,6553600,52428800,,,,,,,,
20250417195306,10.0.4.20,50730,10.0.2.20,5001,1,6.0-7.0,8257536,66060288,,,,,,,,
20250417195307,10.0.4.20,50730,10.0.2.20,5001,1,7.0-8.0,6553600,52428800,,,,,,,,
20250417195308,10.0.4.20,50730,10.0.2.20,5001,1,8.0-9.0,5242880,41943040,,,,,,,,
20250417195309,10.0.4.20,50730,10.0.2.20,5001,1,9.0-10.0,8388608,67108864,,,,,,,,
20250417195310,10.0.4.20,50730,10.0.2.20,5001,1,10.0-11.0,6946816,55574528,,,,,,,,
20250417195311,10.0.4.20,50730,10.0.2.20,5001,1,11.0-12.0,12582912,100663296,,,,,,,,
20250417195312,10.0.4.20,50730,10.0.2.20,5001,1,12.0-13.0,15728640,125829120,,,,,,,,
20250417195313,10.0.4.20,50730,10.0.2.20,5001,1,13.0-14.0,2883584,23068672,,,,,,,,
20250417195314,10.0.4.20,50730,10.0.2.20,5001,1,14.0-15.0,5111808,40894464,,,,,,,,
20250417195314,10.0.4.20,50730,10.0.2.20,5001,1,15.0-15.9,4840220,42842098,,,,,,,,
20250417195314,10.0.4.20,50730,10.0.2.20,5001,1,0.0-15.9,104857600,52745852,,,,,,,,
,,,,,,,,,,,,,,,,
Buffer=208000,Delay=10000,Repeticao=1,,,,,,,,,,,,,,
20250417195342,10.0.4.20,55896,10.0.2.20,5001,1,0.0-1.0,16384060,131072480,,,Buffer=208000,Delay=10000,Repeticao,,,
20250417195343,10.0.4.20,55896,10.0.2.20,5001,1,1.0-2.0,17301504,138412032,,,,,1,137964150,,
20250417195344,10.0.4.20,55896,10.0.2.20,5001,1,2.0-3.0,17694720,141557760,,,,,2,137678909,,
20250417195345,10.0.4.20,55896,10.0.2.20,5001,1,3.0-4.0,17301504,138412032,,,,,3,137462165,,
20250417195346,10.0.4.20,55896,10.0.2.20,5001,1,4.0-5.0,17694720,141557760,,,,,4,137246416,,
20250417195347,10.0.4.20,55896,10.0.2.20,5001,1,5.0-6.0,17301504,138412032,,,,,5,137879317,,
20250417195347,10.0.4.20,55896,10.0.2.20,5001,1,0.0-6.1,104857600,137964150,,,,,6,137573328,,
,,,,,,,,,,,,,7,136834976,,
Buffer=208000,Delay=10000,Repeticao=2,,,,,,,,,,,8,137431311,,
20250417195420,10.0.4.20,49250,10.0.2.20,5001,1,0.0-1.0,15990844,127926752,,,,,MÉDIA =,"137508821,5",,
20250417195421,10.0.4.20,49250,10.0.2.20,5001,1,1.0-2.0,17694720,141557760,,,,,DESVIO P. =,"360315,519576543",,
20250417195422,10.0.4.20,49250,10.0.2.20,5001,1,2.0-3.0,17694720,141557760,,,,,RAIZ DE N =,"2,82842712474619",,
20250417195423,10.0.4.20,49250,10.0.2.20,5001,1,3.0-4.0,17432576,139460608,,,,,"T7, 0,025","2,365",,
20250417195424,10.0.4.20,49250,10.0.2.20,5001,1,4.0-5.0,17301504,138412032,,,,,IC = [,"137207542,320366","137810100,679634",]
20250417195425,10.0.4.20,49250,10.0.2.20,5001,1,5.0-6.0,17694720,141557760,,,,,,,,
20250417195425,10.0.4.20,49250,10.0.2.20,5001,1,0.0-6.1,104857600,137678909,,,,,,,,
,,,,,,,,,,,,,,,,
Buffer=208000,Delay=10000,Repeticao=3,,,,,,,,,,,,,,
20250417195459,10.0.4.20,59348,10.0.2.20,5001,1,0.0-1.0,16384060,131072480,,,,,,,,
20250417195500,10.0.4.20,59348,10.0.2.20,5001,1,1.0-2.0,17301504,138412032,,,,,,,,
20250417195501,10.0.4.20,59348,10.0.2.20,5001,1,2.0-3.0,17301504,138412032,,,,,,,,
20250417195502,10.0.4.20,59348,10.0.2.20,5001,1,3.0-4.0,17825792,142606336,,,,,,,,
20250417195503,10.0.4.20,59348,10.0.2.20,5001,1,4.0-5.0,17301504,138412032,,,,,,,,
20250417195504,10.0.4.20,59348,10.0.2.20,5001,1,5.0-6.0,17432576,139460608,,,,,,,,
20250417195504,10.0.4.20,59348,10.0.2.20,5001,1,0.0-6.1,104857600,137462165,,,,,,,,
,,,,,,,,,,,,,,,,
Buffer=208000,Delay=10000,Repeticao=4,,,,,,,,,,,,,,
20250417195532,10.0.4.20,47176,10.0.2.20,5001,1,0.0-1.0,16384060,131072480,,,,,,,,
20250417195533,10.0.4.20,47176,10.0.2.20,5001,1,1.0-2.0,17432576,139460608,,,,,,,,
20250417195534,10.0.4.20,47176,10.0.2.20,5001,1,2.0-3.0,17301504,138412032,,,,,,,,
20250417195535,10.0.4.20,47176,10.0.2.20,5001,1,3.0-4.0,17301504,138412032,,,,,,,,
20250417195536,10.0.4.20,47176,10.0.2.20,5001,1,4.0-5.0,17694720,141557760,,,,,,,,
20250417195537,10.0.4.20,47176,10.0.2.20,5001,1,5.0-6.0,17432576,139460608,,,,,,,,
20250417195537,10.0.4.20,47176,10.0.2.20,5001,1,0.0-6.1,104857600,137246416,,,,,,,,
,,,,,,,,,,,,,,,,
Buffer=208000,Delay=10000,Repeticao=5,,,,,,,,,,,,,,
20250417195608,10.0.4.20,56174,10.0.2.20,5001,1,0.0-1.0,16121916,128975328,,,,,,,,
20250417195609,10.0.4.20,56174,10.0.2.20,5001,1,1.0-2.0,17694720,141557760,,,,,,,,
20250417195610,10.0.4.20,56174,10.0.2.20,5001,1,2.0-3.0,17301504,138412032,,,,,,,,
20250417195611,10.0.4.20,56174,10.0.2.20,5001,1,3.0-4.0,17694720,141557760,,,,,,,,
20250417195612,10.0.4.20,56174,10.0.2.20,5001,1,4.0-5.0,17301504,138412032,,,,,,,,
20250417195613,10.0.4.20,56174,10.0.2.20,5001,1,5.0-6.0,17694720,141557760,,,,,,,,
20250417195613,10.0.4.20,56174,10.0.2.20,5001,1,0.0-6.1,104857600,137879317,,,,,,,,
,,,,,,,,,,,,,,,,
Buffer=208000,Delay=10000,Repeticao=6,,,,,,,,,,,,,,
20250417195636,10.0.4.20,54888,10.0.2.20,5001,1,0.0-1.0,16252988,130023904,,,,,,,,
20250417195637,10.0.4.20,54888,10.0.2.20,5001,1,1.0-2.0,17301504,138412032,,,,,,,,
20250417195638,10.0.4.20,54888,10.0.2.20,5001,1,2.0-3.0,17301504,138412032,,,,,,,,
20250417195639,10.0.4.20,54888,10.0.2.20,5001,1,3.0-4.0,17694720,141557760,,,,,,,,
20250417195640,10.0.4.20,54888,10.0.2.20,5001,1,4.0-5.0,17301504,138412032,,,,,,,,
20250417195641,10.0.4.20,54888,10.0.2.20,5001,1,5.0-6.0,17694720,141557760,,,,,,,,
20250417195641,10.0.4.20,54888,10.0.2.20,5001,1,0.0-6.1,104857600,137573328,,,,,,,,
,,,,,,,,,,,,,,,,
Buffer=208000,Delay=10000,Repeticao=7,,,,,,,,,,,,,,
20250417195705,10.0.4.20,55828,10.0.2.20,5001,1,0.0-1.0,15859772,126878176,,,,,,,,
20250417195706,10.0.4.20,55828,10.0.2.20,5001,1,1.0-2.0,17432576,139460608,,,,,,,,
20250417195707,10.0.4.20,55828,10.0.2.20,5001,1,2.0-3.0,17563648,140509184,,,,,,,,
20250417195708,10.0.4.20,55828,10.0.2.20,5001,1,3.0-4.0,17301504,138412032,,,,,,,,
20250417195709,10.0.4.20,55828,10.0.2.20,5001,1,4.0-5.0,17694720,141557760,,,,,,,,
20250417195710,10.0.4.20,55828,10.0.2.20,5001,1,5.0-6.0,17301504,138412032,,,,,,,,
20250417195710,10.0.4.20,55828,10.0.2.20,5001,1,0.0-6.1,104857600,136834976,,,,,,,,
,,,,,,,,,,,,,,,,
Buffer=208000,Delay=10000,Repeticao=8,,,,,,,,,,,,,,
20250417195734,10.0.4.20,44852,10.0.2.20,5001,1,0.0-1.0,15859772,126878176,,,,,,,,
20250417195735,10.0.4.20,44852,10.0.2.20,5001,1,1.0-2.0,17694720,141557760,,,,,,,,
20250417195736,10.0.4.20,44852,10.0.2.20,5001,1,2.0-3.0,17301504,138412032,,,,,,,,
20250417195737,10.0.4.20,44852,10.0.2.20,5001,1,3.0-4.0,17694720,141557760,,,,,,,,
20250417195738,10.0.4.20,44852,10.0.2.20,5001,1,4.0-5.0,17432576,139460608,,,,,,,,
20250417195739,10.0.4.20,44852,10.0.2.20,5001,1,5.0-6.0,17301504,138412032,,,,,,,,
20250417195739,10.0.4.20,44852,10.0.2.20,5001,1,0.0-6.1,104857600,137431311,,,,,,,,
,,,,,,,,,,,,,,,,
Buffer=208000,Delay=100000,Repeticao=1,,,,,,,,,Buffer=208000,Delay=100000,Repeticao,,,
20250417195810,10.0.4.20,56684,10.0.2.20,5001,1,0.0-1.0,558292,4466336,,,,,1,86786816,,
20250417195811,10.0.4.20,56684,10.0.2.20,5001,1,1.0-2.0,9306112,74448896,,,,,2,85129990,,
20250417195812,10.0.4.20,56684,10.0.2.20,5001,1,2.0-3.0,11796480,94371840,,,,,3,88634467,,
20250417195813,10.0.4.20,56684,10.0.2.20,5001,1,3.0-4.0,12058624,96468992,,,,,4,88803502,,
20250417195814,10.0.4.20,56684,10.0.2.20,5001,1,4.0-5.0,14811136,118489088,,,,,5,86789644,,
20250417195815,10.0.4.20,56684,10.0.2.20,5001,1,5.0-6.0,9175040,73400320,,,,,6,16269346,,
20250417195816,10.0.4.20,56684,10.0.2.20,5001,1,6.0-7.0,14811136,118489088,,,,,7,88660051,,
20250417195817,10.0.4.20,56684,10.0.2.20,5001,1,7.0-8.0,12189696,97517568,,,,,8,88728772,,
20250417195818,10.0.4.20,56684,10.0.2.20,5001,1,8.0-9.0,15204352,121634816,,,,,MÉDIA =,"78725323,5",,
20250417195818,10.0.4.20,56684,10.0.2.20,5001,1,9.0-9.7,4946732,59441356,,,,,DESVIO P. =,"25270870,8767451",,
20250417195818,10.0.4.20,56684,10.0.2.20,5001,1,0.0-9.7,104857600,86786816,,,,,RAIZ DE N =,"2,82842712474619",,
,,,,,,,,,,,,,"T7, 0,025","2,365",,
Buffer=208000,Delay=100000,Repeticao=2,,,,,,,,,,,IC = [,"57594989,5767368","99855657,4232632",]
20250417195851,10.0.4.20,45776,10.0.2.20,5001,1,0.0-1.0,526436,4211488,,,,,,,,
20250417195852,10.0.4.20,45776,10.0.2.20,5001,1,1.0-2.0,9306112,74448896,,,,,,,,
20250417195853,10.0.4.20,45776,10.0.2.20,5001,1,2.0-3.0,13107200,104857600,,,,,,,,
20250417195854,10.0.4.20,45776,10.0.2.20,5001,1,3.0-4.0,11403264,91226112,,,,,,,,
20250417195855,10.0.4.20,45776,10.0.2.20,5001,1,4.0-5.0,12845056,102760448,,,,,,,,
20250417195856,10.0.4.20,45776,10.0.2.20,5001,1,5.0-6.0,11927552,95420416,,,,,,,,
20250417195857,10.0.4.20,45776,10.0.2.20,5001,1,6.0-7.0,14811136,118489088,,,,,,,,
20250417195858,10.0.4.20,45776,10.0.2.20,5001,1,7.0-8.0,11534336,92274688,,,,,,,,
20250417195859,10.0.4.20,45776,10.0.2.20,5001,1,8.0-9.0,12451840,99614720,,,,,,,,
20250417195859,10.0.4.20,45776,10.0.2.20,5001,1,9.0-9.9,6944668,65064504,,,,,,,,
20250417195859,10.0.4.20,45776,10.0.2.20,5001,1,0.0-9.9,104857600,85129990,,,,,,,,
,,,,,,,,,,,,,,,,
Buffer=208000,Delay=100000,Repeticao=3,,,,,,,,,,,,,,
20250417195925,10.0.4.20,56384,10.0.2.20,5001,1,0.0-1.0,558292,4466336,,,,,,,,
20250417195926,10.0.4.20,56384,10.0.2.20,5001,1,1.0-2.0,9175040,73400320,,,,,,,,
20250417195927,10.0.4.20,56384,10.0.2.20,5001,1,2.0-3.0,13107200,104857600,,,,,,,,
20250417195928,10.0.4.20,56384,10.0.2.20,5001,1,3.0-4.0,12058624,96468992,,,,,,,,
20250417195929,10.0.4.20,56384,10.0.2.20,5001,1,4.0-5.0,14811136,118489088,,,,,,,,
20250417195930,10.0.4.20,56384,10.0.2.20,5001,1,5.0-6.0,11272192,90177536,,,,,,,,
20250417195931,10.0.4.20,56384,10.0.2.20,5001,1,6.0-7.0,15073280,120586240,,,,,,,,
20250417195932,10.0.4.20,56384,10.0.2.20,5001,1,7.0-8.0,11796480,94371840,,,,,,,,
20250417195933,10.0.4.20,56384,10.0.2.20,5001,1,8.0-9.0,11927552,95420416,,,,,,,,
20250417195933,10.0.4.20,56384,10.0.2.20,5001,1,9.0-9.5,5077804,87496864,,,,,,,,
20250417195933,10.0.4.20,56384,10.0.2.20,5001,1,0.0-9.5,104857600,88634467,,,,,,,,
,,,,,,,,,,,,,,,,
Buffer=208000,Delay=100000,Repeticao=4,,,,,,,,,,,,,,
20250417200001,10.0.4.20,45786,10.0.2.20,5001,1,0.0-1.0,558292,4466336,,,,,,,,
20250417200002,10.0.4.20,45786,10.0.2.20,5001,1,1.0-2.0,9306112,74448896,,,,,,,,
20250417200003,10.0.4.20,45786,10.0.2.20,5001,1,2.0-3.0,13107200,104857600,,,,,,,,
20250417200004,10.0.4.20,45786,10.0.2.20,5001,1,3.0-4.0,12058624,96468992,,,,,,,,
20250417200005,10.0.4.20,45786,10.0.2.20,5001,1,4.0-5.0,14680064,117440512,,,,,,,,
20250417200006,10.0.4.20,45786,10.0.2.20,5001,1,5.0-6.0,12058624,96468992,,,,,,,,
20250417200007,10.0.4.20,45786,10.0.2.20,5001,1,6.0-7.0,14942208,119537664,,,,,,,,
20250417200008,10.0.4.20,45786,10.0.2.20,5001,1,7.0-8.0,12058624,96468992,,,,,,,,
20250417200009,10.0.4.20,45786,10.0.2.20,5001,1,8.0-9.0,12189696,97517568,,,,,,,,
20250417200009,10.0.4.20,45786,10.0.2.20,5001,1,9.0-9.4,3898156,69881655,,,,,,,,
20250417200009,10.0.4.20,45786,10.0.2.20,5001,1,0.0-9.4,104857600,88803502,,,,,,,,
,,,,,,,,,,,,,,,,
Buffer=208000,Delay=100000,Repeticao=5,,,,,,,,,,,,,,
20250417200034,10.0.4.20,38532,10.0.2.20,5001,1,0.0-1.0,395364,3162912,,,,,,,,
20250417200035,10.0.4.20,38532,10.0.2.20,5001,1,1.0-2.0,9369824,74958592,,,,,,,,
20250417200036,10.0.4.20,38532,10.0.2.20,5001,1,2.0-3.0,14811136,118489088,,,,,,,,
20250417200037,10.0.4.20,38532,10.0.2.20,5001,1,3.0-4.0,9043968,72351744,,,,,,,,
20250417200038,10.0.4.20,38532,10.0.2.20,5001,1,4.0-5.0,14942208,119537664,,,,,,,,
20250417200039,10.0.4.20,38532,10.0.2.20,5001,1,5.0-6.0,11796480,94371840,,,,,,,,
20250417200040,10.0.4.20,38532,10.0.2.20,5001,1,6.0-7.0,14417920,115343360,,,,,,,,
20250417200041,10.0.4.20,38532,10.0.2.20,5001,1,7.0-8.0,11796480,94371840,,,,,,,,
20250417200042,10.0.4.20,38532,10.0.2.20,5001,1,8.0-9.0,14680064,117440512,,,,,,,,
20250417200042,10.0.4.20,38532,10.0.2.20,5001,1,9.0-9.7,3604156,43329077,,,,,,,,
20250417200042,10.0.4.20,38532,10.0.2.20,5001,1,0.0-9.7,104857600,86789644,,,,,,,,
,,,,,,,,,,,,,,,,
Buffer=208000,Delay=100000,Repeticao=6,,,,,,,,,,,,,,
20250417200109,10.0.4.20,34858,10.0.2.20,5001,1,0.0-1.0,395364,3162912,,,,,,,,
20250417200110,10.0.4.20,34858,10.0.2.20,5001,1,1.0-2.0,8388608,67108864,,,,,,,,
20250417200111,10.0.4.20,34858,10.0.2.20,5001,1,2.0-3.0,1966080,15728640,,,,,,,,
20250417200112,10.0.4.20,34858,10.0.2.20,5001,1,3.0-4.0,1966080,15728640,,,,,,,,
20250417200113,10.0.4.20,34858,10.0.2.20,5001,1,4.0-5.0,1966080,15728640,,,,,,,,
20250417200114,10.0.4.20,34858,10.0.2.20,5001,1,5.0-6.0,1966080,15728640,,,,,,,,
20250417200115,10.0.4.20,34858,10.0.2.20,5001,1,6.0-7.0,1966080,15728640,,,,,,,,
20250417200116,10.0.4.20,34858,10.0.2.20,5001,1,7.0-8.0,1966080,15728640,,,,,,,,
20250417200117,10.0.4.20,34858,10.0.2.20,5001,1,8.0-9.0,1966080,15728640,,,,,,,,
20250417200118,10.0.4.20,34858,10.0.2.20,5001,1,9.0-10.0,1966080,15728640,,,,,,,,
20250417200119,10.0.4.20,34858,10.0.2.20,5001,1,10.0-11.0,1966080,15728640,,,,,,,,
20250417200120,10.0.4.20,34858,10.0.2.20,5001,1,11.0-12.0,1572864,12582912,,,,,,,,
20250417200121,10.0.4.20,34858,10.0.2.20,5001,1,12.0-13.0,1966080,15728640,,,,,,,,
20250417200122,10.0.4.20,34858,10.0.2.20,5001,1,13.0-14.0,1966080,15728640,,,,,,,,
20250417200123,10.0.4.20,34858,10.0.2.20,5001,1,14.0-15.0,1966080,15728640,,,,,,,,
20250417200124,10.0.4.20,34858,10.0.2.20,5001,1,15.0-16.0,1966080,15728640,,,,,,,,
20250417200125,10.0.4.20,34858,10.0.2.20,5001,1,16.0-17.0,1966080,15728640,,,,,,,,
20250417200126,10.0.4.20,34858,10.0.2.20,5001,1,17.0-18.0,1966080,15728640,,,,,,,,
20250417200127,10.0.4.20,34858,10.0.2.20,5001,1,18.0-19.0,1966080,15728640,,,,,,,,
20250417200128,10.0.4.20,34858,10.0.2.20,5001,1,19.0-20.0,1966080,15728640,,,,,,,,
20250417200129,10.0.4.20,34858,10.0.2.20,5001,1,20.0-21.0,1966080,15728640,,,,,,,,
20250417200130,10.0.4.20,34858,10.0.2.20,5001,1,21.0-22.0,1966080,15728640,,,,,,,,
20250417200131,10.0.4.20,34858,10.0.2.20,5001,1,22.0-23.0,1966080,15728640,,,,,,,,
20250417200132,10.0.4.20,34858,10.0.2.20,5001,1,23.0-24.0,2097152,16777216,,,,,,,,
20250417200133,10.0.4.20,34858,10.0.2.20,5001,1,24.0-25.0,1966080,15728640,,,,,,,,
20250417200134,10.0.4.20,34858,10.0.2.20,5001,1,25.0-26.0,1703936,13631488,,,,,,,,
20250417200135,10.0.4.20,34858,10.0.2.20,5001,1,26.0-27.0,1835008,14680064,,,,,,,,
20250417200136,10.0.4.20,34858,10.0.2.20,5001,1,27.0-28.0,1966080,15728640,,,,,,,,
20250417200137,10.0.4.20,34858,10.0.2.20,5001,1,28.0-29.0,1966080,15728640,,,,,,,,
20250417200138,10.0.4.20,34858,10.0.2.20,5001,1,29.0-30.0,1966080,15728640,,,,,,,,
20250417200139,10.0.4.20,34858,10.0.2.20,5001,1,30.0-31.0,1966080,15728640,,,,,,,,
20250417200140,10.0.4.20,34858,10.0.2.20,5001,1,31.0-32.0,1966080,15728640,,,,,,,,
20250417200141,10.0.4.20,34858,10.0.2.20,5001,1,32.0-33.0,1966080,15728640,,,,,,,,
20250417200142,10.0.4.20,34858,10.0.2.20,5001,1,33.0-34.0,1966080,15728640,,,,,,,,
20250417200143,10.0.4.20,34858,10.0.2.20,5001,1,34.0-35.0,1966080,15728640,,,,,,,,
20250417200144,10.0.4.20,34858,10.0.2.20,5001,1,35.0-36.0,1966080,15728640,,,,,,,,
20250417200145,10.0.4.20,34858,10.0.2.20,5001,1,36.0-37.0,1966080,15728640,,,,,,,,
20250417200146,10.0.4.20,34858,10.0.2.20,5001,1,37.0-38.0,1966080,15728640,,,,,,,,
20250417200147,10.0.4.20,34858,10.0.2.20,5001,1,38.0-39.0,1966080,15728640,,,,,,,,
20250417200148,10.0.4.20,34858,10.0.2.20,5001,1,39.0-40.0,1966080,15728640,,,,,,,,
20250417200149,10.0.4.20,34858,10.0.2.20,5001,1,40.0-41.0,1572864,12582912,,,,,,,,
20250417200150,10.0.4.20,34858,10.0.2.20,5001,1,41.0-42.0,1966080,15728640,,,,,,,,
20250417200151,10.0.4.20,34858,10.0.2.20,5001,1,42.0-43.0,1966080,15728640,,,,,,,,
20250417200152,10.0.4.20,34858,10.0.2.20,5001,1,43.0-44.0,1966080,15728640,,,,,,,,
20250417200153,10.0.4.20,34858,10.0.2.20,5001,1,44.0-45.0,1966080,15728640,,,,,,,,
20250417200154,10.0.4.20,34858,10.0.2.20,5001,1,45.0-46.0,1966080,15728640,,,,,,,,
20250417200155,10.0.4.20,34858,10.0.2.20,5001,1,46.0-47.0,1966080,15728640,,,,,,,,
20250417200156,10.0.4.20,34858,10.0.2.20,5001,1,47.0-48.0,1966080,15728640,,,,,,,,
20250417200157,10.0.4.20,34858,10.0.2.20,5001,1,48.0-49.0,1966080,15728640,,,,,,,,
20250417200158,10.0.4.20,34858,10.0.2.20,5001,1,49.0-50.0,1966080,15728640,,,,,,,,
20250417200159,10.0.4.20,34858,10.0.2.20,5001,1,50.0-51.0,1966080,15728640,,,,,,,,
20250417200159,10.0.4.20,34858,10.0.2.20,5001,1,51.0-51.6,784284,11187715,,,,,,,,
20250417200159,10.0.4.20,34858,10.0.2.20,5001,1,0.0-51.6,104857600,16269346,,,,,,,,
,,,,,,,,,,,,,,,,
Buffer=208000,Delay=100000,Repeticao=7,,,,,,,,,,,,,,
20250417200228,10.0.4.20,52976,10.0.2.20,5001,1,0.0-1.0,558292,4466336,,,,,,,,
20250417200229,10.0.4.20,52976,10.0.2.20,5001,1,1.0-2.0,9306112,74448896,,,,,,,,
20250417200230,10.0.4.20,52976,10.0.2.20,5001,1,2.0-3.0,14548992,116391936,,,,,,,,
20250417200231,10.0.4.20,52976,10.0.2.20,5001,1,3.0-4.0,12058624,96468992,,,,,,,,
20250417200232,10.0.4.20,52976,10.0.2.20,5001,1,4.0-5.0,15335424,122683392,,,,,,,,
20250417200233,10.0.4.20,52976,10.0.2.20,5001,1,5.0-6.0,11796480,94371840,,,,,,,,
20250417200234,10.0.4.20,52976,10.0.2.20,5001,1,6.0-7.0,11927552,95420416,,,,,,,,
20250417200235,10.0.4.20,52976,10.0.2.20,5001,1,7.0-8.0,14680064,117440512,,,,,,,,
20250417200236,10.0.4.20,52976,10.0.2.20,5001,1,8.0-9.0,9175040,73400320,,,,,,,,
20250417200236,10.0.4.20,52976,10.0.2.20,5001,1,9.0-9.5,5471020,94830286,,,,,,,,
20250417200236,10.0.4.20,52976,10.0.2.20,5001,1,0.0-9.5,104857600,88660051,,,,,,,,
,,,,,,,,,,,,,,,,
Buffer=208000,Delay=100000,Repeticao=8,,,,,,,,,,,,,,
20250417200303,10.0.4.20,46578,10.0.2.20,5001,1,0.0-1.0,558292,4466336,,,,,,,,
20250417200304,10.0.4.20,46578,10.0.2.20,5001,1,1.0-2.0,9175040,73400320,,,,,,,,
20250417200305,10.0.4.20,46578,10.0.2.20,5001,1,2.0-3.0,13238272,105906176,,,,,,,,
20250417200306,10.0.4.20,46578,10.0.2.20,5001,1,3.0-4.0,12058624,96468992,,,,,,,,
20250417200307,10.0.4.20,46578,10.0.2.20,5001,1,4.0-5.0,14680064,117440512,,,,,,,,
20250417200308,10.0.4.20,46578,10.0.2.20,5001,1,5.0-6.0,12058624,96468992,,,,,,,,
20250417200309,10.0.4.20,46578,10.0.2.20,5001,1,6.0-7.0,15073280,120586240,,,,,,,,
20250417200310,10.0.4.20,46578,10.0.2.20,5001,1,7.0-8.0,11796480,94371840,,,,,,,,
20250417200311,10.0.4.20,46578,10.0.2.20,5001,1,8.0-9.0,11927552,95420416,,,,,,,,
20250417200311,10.0.4.20,46578,10.0.2.20,5001,1,9.0-9.5,4291372,75583262,,,,,,,,
20250417200311,10.0.4.20,46578,10.0.2.20,5001,1,0.0-9.5,104857600,88728772,,,,,,,,
